Order_ID,Order_Date,Customer_ID,Product_ID,Region,Revenue,Cost,Discount
ORD-1000,2023-04-13,CUST-19,PROD-30,SOUTH,11346.57,9198.43,0.05
ORD-1001,2024-03-11,CUST-108,PROD-38,north ,11421.88,8128.41,0.05
ORD-1002,2023-09-28,CUST-91,PROD-4,north ,18250.66,2140.14,0.15
ORD-1003,2023-04-17,CUST-90,PROD-1,South,887.62,8989.12,0.15
ORD-1004,2023-03-13,CUST-19,PROD-8,East,8856.71,4153.5,
ORD-1005,2023-01-21,CUST-39,PROD-29,north ,20558.32,3978.45,0.15
ORD-1006,2023-05-02,CUST-126,PROD-39,North,15278.88,2152.51,
ORD-1007,2024-04-11,CUST-141,PROD-3,north ,8762.06,7326.42,0.1
ORD-1008,2023-08-03,CUST-126,PROD-32,South,22685.36,15222.39,0.05
ORD-1009,2023-11-27,CUST-58,PROD-10,SOUTH,19429.26,5745.9,0.15
ORD-1010,2024-04-03,CUST-148,PROD-10,South,6989.94,6453.28,0.05
ORD-1011,2023-03-29,CUST-61,PROD-19,SOUTH,16309.6,12960.69,0.05
ORD-1012,2024-01-08,CUST-127,PROD-34,SOUTH,15095.89,4158.06,0.05
ORD-1013,2023-04-10,CUST-105,PROD-33,East,10329.1,17970.07,0.1
ORD-1014,2023-05-11,CUST-1,PROD-23,north ,9490.42,10547.75,0
ORD-1015,2023-11-05,CUST-131,PROD-28,North,8917.23,9117.78,0.15
ORD-1016,2023-12-10,CUST-92,PROD-32,North,15620.32,11289.06,0
ORD-1017,2024-05-06,CUST-113,PROD-7,West,11339.04,3570.88,0
ORD-1018,2024-02-18,CUST-56,PROD-29,SOUTH,20880.65,12385.42,0
ORD-1019,2024-01-21,CUST-117,PROD-8,North,16905.26,7453.08,0.05
ORD-1020,2023-07-11,CUST-134,PROD-1,East,2213.32,17974.57,
ORD-1021,2023-10-04,CUST-58,PROD-3,SOUTH,16184.12,3626.43,0.05
ORD-1022,2023-06-10,CUST-44,PROD-24,East,7143.11,10288.91,0.05
ORD-1023,2024-04-04,CUST-61,PROD-23,North,15023.89,12082.82,0
ORD-1024,2023-11-10,CUST-47,PROD-8,North,17163.23,957.66,0.05
ORD-1025,2023-01-22,CUST-149,PROD-37,West,6155.32,7464.75,0
ORD-1026,2023-09-10,CUST-80,PROD-3,North,11693.04,14732.91,
ORD-1027,2024-07-14,CUST-118,PROD-33,SOUTH,5162.96,16461.44,0.15
ORD-1028,2024-04-19,CUST-147,PROD-28,SOUTH,1782.3,6469.29,0
ORD-1029,2023-02-28,CUST-20,PROD-8,SOUTH,9772.67,16032.29,
ORD-1030,2024-05-25,CUST-146,PROD-34,West,9392.13,19364.79,0.15
ORD-1031,2024-04-20,CUST-47,PROD-35,West,24889.27,,0.1
ORD-1032,2023-07-09,CUST-49,PROD-32,North,11435.63,2617.59,0
ORD-1033,2024-07-16,CUST-14,PROD-24,South,8672.45,14872.69,0
ORD-1034,2024-07-20,CUST-143,PROD-14,South,14721.64,6597.44,0.1
ORD-1035,2023-09-01,CUST-1,PROD-32,West,2674.8,19771.79,0.1
ORD-1036,2024-05-19,CUST-117,PROD-16,North,24060.81,9861.57,0
ORD-1037,2023-05-11,CUST-54,PROD-4,South,16056.52,2711.95,0.1
ORD-1038,2024-04-29,CUST-118,PROD-37,North,18993.53,14586.16,0.05
ORD-1039,2023-01-21,CUST-3,PROD-21,North,4676.71,6663.32,0.15
ORD-1040,2023-06-16,CUST-144,PROD-14,North,10532.21,19942.44,0.15
ORD-1041,2023-10-01,CUST-12,PROD-31,north ,10855.88,19601.71,0.15
ORD-1042,2024-01-23,CUST-74,PROD-18,SOUTH,20634.26,,0.05
ORD-1043,2023-11-12,CUST-16,PROD-7,North,530.3,2857.58,0.1
ORD-1044,2023-01-14,CUST-102,PROD-10,north ,7870.9,13831.16,
ORD-1045,2023-08-30,CUST-117,PROD-7,West,24540.29,2132.7,0.1
ORD-1046,2023-12-12,CUST-8,PROD-33,South,12134.72,878.47,0
ORD-1047,2024-07-18,CUST-122,PROD-23,SOUTH,9871.89,16512.28,0.15
ORD-1048,2023-12-06,CUST-92,PROD-21,South,3435.81,4432.13,0.1
ORD-1049,2023-04-02,CUST-90,PROD-19,SOUTH,24367.03,7766.83,
ORD-1050,2024-01-02,CUST-136,PROD-19,South,990.65,19477.11,0
ORD-1051,2024-03-30,CUST-60,PROD-36,SOUTH,18560.92,6935.76,0.05
ORD-1052,2024-03-03,CUST-28,PROD-29,South,19330.7,6140.85,0.05
ORD-1053,2024-05-23,CUST-101,PROD-18,South,6469.59,18388.7,
ORD-1054,2023-02-04,CUST-41,PROD-2,South,16953.18,2481.74,0
ORD-1055,2023-07-25,CUST-145,PROD-1,South,2776.76,15263.77,0.15
ORD-1056,2023-03-22,CUST-141,PROD-5,West,6797.66,19764.89,0.1
ORD-1057,2024-07-15,CUST-46,PROD-20,North,19803.6,18055.53,0
ORD-1058,2024-01-23,CUST-35,PROD-11,East,21684.81,13137.86,0.05
ORD-1059,2023-01-02,CUST-134,PROD-2,north ,15407.92,6487.0,
ORD-1060,2024-01-25,CUST-82,PROD-3,East,12917.54,5310.14,
ORD-1061,2024-07-19,CUST-115,PROD-23,East,4402.95,16439.33,0.1
ORD-1062,2023-04-16,CUST-47,PROD-12,SOUTH,2046.17,17632.49,
ORD-1063,2024-04-21,CUST-10,PROD-20,North,3382.4,10651.07,
ORD-1064,2024-02-06,CUST-56,PROD-5,SOUTH,6070.25,5113.5,0
ORD-1065,2024-07-09,CUST-30,PROD-37,North,8871.03,2524.98,0.15
ORD-1066,2023-06-11,CUST-109,PROD-38,North,9832.28,2017.44,0.1
ORD-1067,2023-07-21,CUST-5,PROD-30,South,8984.88,14465.83,0
ORD-1068,2023-09-27,CUST-119,PROD-9,West,6356.86,8576.34,0.15
ORD-1069,2023-09-28,CUST-33,PROD-34,South,12988.24,18135.59,0
ORD-1070,2024-03-31,CUST-118,PROD-35,West,20719.51,14871.52,0
ORD-1071,2024-04-06,CUST-65,PROD-22,SOUTH,7352.74,4067.83,
ORD-1072,2023-09-09,CUST-146,PROD-24,West,23588.48,12391.42,0.15
ORD-1073,2023-10-23,CUST-11,PROD-17,SOUTH,21896.75,8879.46,0.1
ORD-1074,2023-12-04,CUST-85,PROD-10,East,4463.22,11671.82,0.1
ORD-1075,2023-02-22,CUST-26,PROD-30,East,19763.76,14839.96,0.15
ORD-1076,2023-08-05,CUST-63,PROD-23,West,14577.39,16182.06,
ORD-1077,2023-07-07,CUST-86,PROD-32,West,14381.1,,0.05
ORD-1078,2024-01-15,CUST-59,PROD-17,SOUTH,10080.55,5303.31,0
ORD-1079,2024-05-07,CUST-27,PROD-17,South,12778.25,912.98,
ORD-1080,2023-02-10,CUST-98,PROD-14,SOUTH,10230.88,14864.11,0.15
ORD-1081,2023-06-06,CUST-105,PROD-9,South,13723.45,2394.97,0
ORD-1082,2023-01-15,CUST-99,PROD-40,East,15884.78,6503.92,0.1
ORD-1083,2023-03-06,CUST-129,PROD-2,North,17020.44,375.2,0.05
ORD-1084,2024-06-04,CUST-149,PROD-25,West,13545.79,13728.89,0.1
ORD-1085,2023-12-10,CUST-55,PROD-39,South,18174.84,3592.5,0.15
ORD-1086,2023-05-09,CUST-6,PROD-9,SOUTH,3961.31,13209.06,0
ORD-1087,2024-04-16,CUST-95,PROD-22,East,5693.57,19837.33,0.15
ORD-1088,2023-03-04,CUST-133,PROD-4,South,20559.01,1731.62,0
ORD-1089,2023-05-19,CUST-102,PROD-26,SOUTH,8401.94,1818.44,
ORD-1090,2024-05-13,CUST-3,PROD-29,West,1060.9,7005.49,0.05
ORD-1091,2024-08-15,CUST-23,PROD-34,West,4267.88,17367.81,
ORD-1092,2024-01-27,CUST-53,PROD-23,north ,5978.55,4545.94,
ORD-1093,2024-02-23,CUST-83,PROD-37,North,23954.41,7399.44,0.15
ORD-1094,2023-10-16,CUST-145,PROD-11,north ,14539.52,1649.56,0.05
ORD-1095,2024-01-14,CUST-85,PROD-6,East,23351.9,15334.16,0
ORD-1096,2024-05-04,CUST-78,PROD-18,South,14591.5,8343.63,0
ORD-1097,2023-08-19,CUST-110,PROD-21,East,12244.18,15257.2,0.1
ORD-1098,2023-02-10,CUST-1,PROD-36,SOUTH,8186.33,18101.07,0
ORD-1099,2023-01-28,CUST-51,PROD-38,West,15356.09,,0.15
ORD-1100,2023-05-15,CUST-4,PROD-34,north ,3910.35,16205.7,
ORD-1101,2023-07-20,CUST-113,PROD-17,north ,22507.41,1464.15,
ORD-1102,2023-02-02,CUST-32,PROD-37,north ,20818.64,18007.29,
ORD-1103,2023-02-17,CUST-34,PROD-25,East,8279.52,13120.14,0.05
ORD-1104,2024-05-17,CUST-92,PROD-38,West,23843.54,17522.27,0
ORD-1105,2024-02-11,CUST-95,PROD-12,South,20717.42,303.71,0.15
ORD-1106,2024-07-27,CUST-72,PROD-23,SOUTH,16824.52,3630.9,0.05
ORD-1107,2023-04-09,CUST-39,PROD-22,South,3483.17,7978.26,0.1
ORD-1108,2024-06-30,CUST-118,PROD-21,East,12216.73,7776.21,0.15
ORD-1109,2024-04-06,CUST-3,PROD-27,SOUTH,12899.64,4766.59,0.15
ORD-1110,2023-01-05,CUST-123,PROD-31,north ,6197.51,7817.76,0.15
ORD-1111,2023-08-06,CUST-50,PROD-6,North,2459.15,2838.32,
ORD-1112,2024-05-17,CUST-12,PROD-27,East,19529.73,8431.39,0.15
ORD-1113,2024-02-02,CUST-54,PROD-40,East,3489.86,16106.38,0
ORD-1114,2024-01-28,CUST-133,PROD-34,West,15060.12,9737.68,0.15
ORD-1115,2023-07-26,CUST-57,PROD-12,South,23443.0,654.6,
ORD-1116,2023-01-15,CUST-145,PROD-7,East,21964.58,8602.45,0.15
ORD-1117,2024-07-07,CUST-112,PROD-10,East,7304.94,835.35,0.1
ORD-1118,2024-04-05,CUST-47,PROD-17,north ,21360.49,19335.0,0.1
ORD-1119,2024-07-28,CUST-85,PROD-26,north ,508.15,2810.84,
ORD-1120,2023-08-29,CUST-142,PROD-21,SOUTH,933.35,14241.46,0
ORD-1121,2024-07-17,CUST-66,PROD-28,North,15262.55,19463.69,0
ORD-1122,2023-04-06,CUST-75,PROD-2,West,9437.56,16572.97,0.05
ORD-1123,2024-04-29,CUST-103,PROD-1,North,9968.29,14076.51,
ORD-1124,2024-02-11,CUST-38,PROD-36,SOUTH,14328.81,16837.38,0.15
ORD-1125,2023-08-19,CUST-50,PROD-26,north ,5198.67,19641.43,
ORD-1126,2023-06-20,CUST-98,PROD-29,South,5688.01,12540.49,0.05
ORD-1127,2024-06-24,CUST-82,PROD-21,north ,12372.74,,
ORD-1128,2023-02-05,CUST-30,PROD-11,West,18979.21,12676.29,
ORD-1129,2024-06-08,CUST-79,PROD-40,north ,15677.69,10793.71,0.05
ORD-1130,2023-06-09,CUST-91,PROD-11,West,7785.2,12811.26,0
ORD-1131,2023-08-31,CUST-52,PROD-36,West,11043.26,9161.89,0.15
ORD-1132,2023-03-27,CUST-79,PROD-39,West,4681.29,4603.33,0.05
ORD-1133,2024-07-31,CUST-30,PROD-40,SOUTH,2328.43,2668.87,0.1
ORD-1134,2024-07-10,CUST-106,PROD-35,West,19676.05,1646.32,0
ORD-1135,2024-07-27,CUST-51,PROD-34,West,7001.99,5487.32,0.1
ORD-1136,2023-01-28,CUST-81,PROD-24,South,4855.28,1208.63,0
ORD-1137,2024-07-09,CUST-133,PROD-22,North,17444.64,11473.26,0.15
ORD-1138,2023-12-06,CUST-29,PROD-5,East,15642.27,5891.42,0.15
ORD-1139,2023-11-27,CUST-132,PROD-33,North,16013.15,16543.34,
ORD-1140,2024-05-20,CUST-138,PROD-36,West,6107.92,1762.55,0.1
ORD-1141,2023-12-14,CUST-145,PROD-20,South,6199.82,4759.12,0
ORD-1142,2024-04-17,CUST-74,PROD-19,north ,5909.66,14685.85,0.15
ORD-1143,2023-08-19,CUST-17,PROD-35,South,4756.94,12096.52,0.05
ORD-1144,2023-07-09,CUST-84,PROD-17,West,16565.23,1570.48,0.15
ORD-1145,2023-08-13,CUST-69,PROD-34,South,21276.39,17581.62,0.05
ORD-1146,2024-01-20,CUST-34,PROD-9,South,18245.78,17582.06,0
ORD-1147,2024-01-12,CUST-6,PROD-26,West,19906.29,6809.04,0.15
ORD-1148,2023-10-10,CUST-53,PROD-2,SOUTH,10417.56,7006.0,0.15
ORD-1149,2023-09-16,CUST-126,PROD-9,South,16524.86,19783.86,0
ORD-1150,2023-12-25,CUST-43,PROD-9,East,9178.79,12635.67,0.15
ORD-1151,2024-03-31,CUST-115,PROD-40,East,13374.86,10766.94,0.05
ORD-1152,2024-02-15,CUST-111,PROD-17,South,12300.05,16811.6,0.15
ORD-1153,2023-11-14,CUST-80,PROD-1,SOUTH,4833.74,5920.22,0.1
ORD-1154,2023-08-13,CUST-95,PROD-25,north ,9983.43,8754.9,
ORD-1155,2023-08-22,CUST-118,PROD-40,West,24113.65,5575.2,0.05
ORD-1156,2024-01-09,CUST-144,PROD-25,East,6590.22,15846.47,0.1
ORD-1157,2024-04-16,CUST-8,PROD-39,north ,3778.19,11594.98,0
ORD-1158,2023-08-21,CUST-132,PROD-35,South,10755.23,13278.85,0.05
ORD-1159,2023-04-23,CUST-104,PROD-3,north ,19863.27,5270.45,
ORD-1160,2024-05-11,CUST-132,PROD-37,North,14762.63,4638.44,
ORD-1161,2024-03-17,CUST-25,PROD-30,East,17183.88,,0
ORD-1162,2024-07-17,CUST-96,PROD-38,South,5147.52,14830.05,0
ORD-1163,2023-09-25,CUST-93,PROD-34,West,15664.23,10647.22,0.05
ORD-1164,2024-05-24,CUST-61,PROD-12,SOUTH,8425.76,943.12,0.15
ORD-1165,2024-01-21,CUST-122,PROD-19,South,20940.43,17410.46,0
ORD-1166,2024-01-22,CUST-51,PROD-37,West,15917.82,1574.33,0.15
ORD-1167,2023-04-23,CUST-147,PROD-17,SOUTH,5371.98,19129.74,0.1
ORD-1168,2023-03-22,CUST-21,PROD-10,SOUTH,2083.11,795.3,
ORD-1169,2023-04-23,CUST-5,PROD-12,South,1544.51,13980.67,0.15
ORD-1170,2023-01-02,CUST-92,PROD-16,north ,9599.51,1919.48,
ORD-1171,2023-08-08,CUST-61,PROD-24,north ,7013.35,18240.33,0.15
ORD-1172,2024-07-19,CUST-22,PROD-19,SOUTH,16329.21,9449.33,0.1
ORD-1173,2023-08-13,CUST-149,PROD-8,north ,12733.68,3009.22,0
ORD-1174,2024-01-20,CUST-70,PROD-31,North,7017.47,7014.07,0.1
ORD-1175,2024-02-07,CUST-1,PROD-21,SOUTH,4156.33,3547.05,0
ORD-1176,2023-05-10,CUST-133,PROD-17,SOUTH,3616.39,3660.46,0
ORD-1177,2023-02-22,CUST-12,PROD-23,West,21684.18,18977.73,
ORD-1178,2024-02-20,CUST-90,PROD-37,north ,6465.21,9071.35,0.1
ORD-1179,2023-09-04,CUST-46,PROD-16,SOUTH,16466.91,15839.4,0.15
ORD-1180,2024-03-14,CUST-34,PROD-6,North,20361.81,12900.23,0.1
ORD-1181,2023-07-22,CUST-78,PROD-8,West,15544.99,13625.6,
ORD-1182,2023-07-03,CUST-45,PROD-25,South,21559.35,2894.36,0
ORD-1183,2023-05-03,CUST-73,PROD-18,SOUTH,10113.65,4913.43,
ORD-1184,2024-02-05,CUST-26,PROD-25,North,23927.44,15798.98,0.05
ORD-1185,2023-10-21,CUST-47,PROD-12,East,3762.05,19424.09,0.05
ORD-1186,2023-10-07,CUST-121,PROD-15,North,3002.66,5474.71,0.15
ORD-1187,2023-07-17,CUST-56,PROD-26,North,16637.96,5649.9,
ORD-1188,2024-05-25,CUST-94,PROD-26,West,23599.36,,0.15
ORD-1189,2023-05-24,CUST-107,PROD-32,South,20317.64,19681.65,0.15
ORD-1190,2023-07-20,CUST-63,PROD-10,East,2372.21,5598.49,0.05
ORD-1191,2023-05-04,CUST-48,PROD-16,north ,7344.51,8317.35,0.15
ORD-1192,2023-07-06,CUST-61,PROD-7,north ,23292.81,17862.16,0.05
ORD-1193,2023-11-22,CUST-81,PROD-17,North,6699.93,357.54,0
ORD-1194,2024-04-08,CUST-26,PROD-23,West,19638.68,1083.39,
ORD-1195,2023-12-15,CUST-36,PROD-26,West,20715.74,12200.21,0.15
ORD-1196,2024-02-07,CUST-1,PROD-21,north ,12638.58,18175.39,0.05
ORD-1197,2023-12-12,CUST-8,PROD-22,East,9965.55,5005.48,0.1
ORD-1198,2024-05-25,CUST-113,PROD-7,South,11528.05,9551.94,0.15
ORD-1199,2023-05-27,CUST-99,PROD-14,East,6060.64,9174.17,0
ORD-1200,2023-05-28,CUST-47,PROD-15,SOUTH,22290.08,9617.54,0
ORD-1201,2024-05-03,CUST-127,PROD-7,SOUTH,11540.18,12563.64,0.1
ORD-1202,2024-07-04,CUST-56,PROD-9,South,22120.26,9553.95,0.05
ORD-1203,2023-12-04,CUST-14,PROD-8,north ,3089.49,9115.12,0.15
ORD-1204,2024-04-17,CUST-28,PROD-23,South,24712.74,9643.48,0.05
ORD-1205,2023-05-31,CUST-78,PROD-29,West,11360.19,11940.09,0
ORD-1206,2024-02-19,CUST-130,PROD-18,SOUTH,1671.86,10879.05,0.05
ORD-1207,2023-10-25,CUST-109,PROD-31,North,1431.54,17126.48,0
ORD-1208,2023-09-20,CUST-14,PROD-30,North,18782.08,1275.09,0.05
ORD-1209,2023-05-24,CUST-56,PROD-39,north ,16646.37,16716.35,0.1
ORD-1210,2023-12-12,CUST-115,PROD-35,West,20152.2,16925.31,
ORD-1211,2024-07-25,CUST-7,PROD-18,East,3081.5,5912.69,0.1
ORD-1212,2023-01-02,CUST-3,PROD-39,West,1371.49,9418.18,0.1
ORD-1213,2023-10-31,CUST-111,PROD-17,North,12960.19,8939.21,
ORD-1214,2023-09-11,CUST-107,PROD-14,North,9996.08,4604.64,
ORD-1215,2024-03-28,CUST-18,PROD-31,SOUTH,11817.7,8116.9,0.15
ORD-1216,2023-02-06,CUST-38,PROD-24,West,24793.92,1174.44,0.15
ORD-1217,2023-06-09,CUST-115,PROD-35,West,24283.37,5773.09,0.1
ORD-1218,2023-01-09,CUST-15,PROD-34,North,23586.73,16388.64,0.1
ORD-1219,2023-08-21,CUST-119,PROD-3,East,19704.15,5905.88,0
ORD-1220,2023-04-09,CUST-28,PROD-37,north ,9193.61,16418.67,0
ORD-1221,2023-07-27,CUST-39,PROD-40,north ,10597.21,10772.51,0.15
ORD-1222,2023-05-11,CUST-17,PROD-26,West,13965.59,17633.29,0.15
ORD-1223,2024-02-08,CUST-86,PROD-23,north ,20848.09,11623.16,0
ORD-1224,2023-06-01,CUST-126,PROD-39,North,2183.46,884.46,0
ORD-1225,2023-02-23,CUST-44,PROD-15,North,10895.27,13605.78,0.05
ORD-1226,2023-04-30,CUST-25,PROD-4,West,2524.13,1183.62,0.05
ORD-1227,2024-08-09,CUST-145,PROD-29,West,13109.11,9176.76,0
ORD-1228,2024-02-24,CUST-13,PROD-22,SOUTH,22523.07,18609.71,0.05
ORD-1229,2024-02-26,CUST-25,PROD-25,West,19670.88,3554.52,
ORD-1230,2023-04-14,CUST-68,PROD-13,East,6082.14,7980.49,0.15
ORD-1231,2023-09-11,CUST-138,PROD-18,north ,24411.78,14678.25,0.15
ORD-1232,2023-08-15,CUST-67,PROD-33,West,16850.08,17680.49,0
ORD-1233,2023-04-22,CUST-109,PROD-16,South,755.48,13517.58,0.1
ORD-1234,2024-05-24,CUST-146,PROD-2,SOUTH,6757.63,5386.01,0
ORD-1235,2024-04-17,CUST-111,PROD-35,South,6887.48,13589.77,0.05
ORD-1236,2023-04-09,CUST-111,PROD-34,North,2196.73,6145.53,0.1
ORD-1237,2023-06-02,CUST-34,PROD-30,north ,24015.75,14453.06,0.05
ORD-1238,2023-12-04,CUST-111,PROD-13,West,12217.25,19094.45,
ORD-1239,2023-06-12,CUST-8,PROD-13,South,22447.46,14511.45,0.05
ORD-1240,2023-06-10,CUST-113,PROD-18,north ,8394.28,17298.75,
ORD-1241,2024-08-02,CUST-83,PROD-32,North,3568.22,341.45,
ORD-1242,2024-02-02,CUST-42,PROD-32,East,12121.23,14436.17,0.05
ORD-1243,2023-10-04,CUST-101,PROD-35,SOUTH,3291.94,16642.87,0.05
ORD-1244,2024-05-18,CUST-6,PROD-39,north ,12407.38,1099.01,
ORD-1245,2024-01-27,CUST-26,PROD-29,north ,23047.28,17470.48,0.1
ORD-1246,2023-05-15,CUST-64,PROD-29,East,13258.82,5356.88,
ORD-1247,2023-07-14,CUST-59,PROD-16,north ,15604.24,13406.25,0.15
ORD-1248,2024-02-05,CUST-109,PROD-10,North,4337.64,16066.99,
ORD-1249,2023-02-02,CUST-121,PROD-30,North,1571.52,13354.49,0.1
ORD-1250,2024-04-04,CUST-33,PROD-25,East,3214.8,2118.01,0.15
ORD-1251,2024-04-14,CUST-150,PROD-39,SOUTH,15164.02,12047.53,0
ORD-1252,2024-01-10,CUST-21,PROD-20,West,2827.79,11126.8,0
ORD-1253,2023-01-22,CUST-70,PROD-5,South,9711.83,18036.33,0.1
ORD-1254,2023-02-07,CUST-112,PROD-1,West,13977.25,8263.52,
ORD-1255,2023-08-18,CUST-4,PROD-30,north ,10021.99,6625.3,0.05
ORD-1256,2023-12-31,CUST-94,PROD-3,South,4510.25,15072.06,0.1
ORD-1257,2024-07-16,CUST-75,PROD-14,East,7207.89,8429.7,0.15
ORD-1258,2024-03-13,CUST-62,PROD-30,East,23243.78,13028.09,0.15
ORD-1259,2023-10-10,CUST-94,PROD-4,SOUTH,17061.57,13035.07,0
ORD-1260,2023-01-27,CUST-95,PROD-18,South,12653.17,17794.37,0.15
ORD-1261,2023-08-14,CUST-55,PROD-37,North,811.51,12094.24,0.1
ORD-1262,2023-10-04,CUST-137,PROD-25,South,24814.18,10192.43,0.15
ORD-1263,2023-10-11,CUST-131,PROD-1,north ,16950.65,3035.77,0.1
ORD-1264,2024-04-25,CUST-31,PROD-15,North,8264.6,2580.03,0.05
ORD-1265,2024-03-28,CUST-40,PROD-9,East,22042.08,3340.13,0
ORD-1266,2024-05-30,CUST-36,PROD-15,South,6831.57,3685.42,0.15
ORD-1267,2024-06-30,CUST-6,PROD-24,West,13828.41,12866.18,0.1
ORD-1268,2023-07-11,CUST-66,PROD-4,SOUTH,16083.73,14897.33,
ORD-1269,2023-02-18,CUST-75,PROD-12,West,5916.05,,0
ORD-1270,2024-05-26,CUST-4,PROD-37,SOUTH,24470.73,,0.05
ORD-1271,2023-01-17,CUST-79,PROD-37,north ,18830.7,19827.89,0.1
ORD-1272,2023-06-21,CUST-134,PROD-6,West,14166.42,16454.25,0.05
ORD-1273,2023-08-08,CUST-118,PROD-39,South,4924.57,13989.18,0.05
ORD-1274,2023-06-07,CUST-113,PROD-24,South,1819.53,10790.11,0.15
ORD-1275,2024-04-21,CUST-94,PROD-11,West,8341.47,9142.41,0.15
ORD-1276,2023-02-15,CUST-62,PROD-13,South,18953.09,1962.53,0.1
ORD-1277,2024-01-08,CUST-79,PROD-34,north ,7098.62,8167.56,
ORD-1278,2024-06-01,CUST-136,PROD-25,North,13719.13,18229.65,0.1
ORD-1279,2023-04-09,CUST-26,PROD-7,north ,18334.71,16218.05,
ORD-1280,2023-02-06,CUST-44,PROD-4,SOUTH,3144.62,4556.21,0.05
ORD-1281,2023-10-07,CUST-133,PROD-8,north ,17289.8,9492.17,0
ORD-1282,2023-12-15,CUST-70,PROD-20,SOUTH,2750.84,16389.45,0.1
ORD-1283,2024-05-11,CUST-118,PROD-29,South,24145.68,1627.48,0.1
ORD-1284,2023-10-29,CUST-68,PROD-10,North,12465.66,7931.63,
ORD-1285,2023-06-30,CUST-19,PROD-34,South,4191.56,17081.27,0.05
ORD-1286,2023-04-09,CUST-20,PROD-26,East,8888.4,8256.79,0.05
ORD-1287,2023-04-26,CUST-113,PROD-3,South,10628.7,1829.01,
ORD-1288,2023-07-10,CUST-140,PROD-6,SOUTH,19075.53,,0.05
ORD-1289,2023-09-10,CUST-47,PROD-5,South,18713.88,17276.33,0.15
ORD-1290,2023-06-10,CUST-1,PROD-5,South,15492.54,11928.63,0
ORD-1291,2023-09-13,CUST-90,PROD-23,North,3095.3,4757.7,0.1
ORD-1292,2023-11-19,CUST-142,PROD-9,South,4213.45,7869.52,0
ORD-1293,2023-05-08,CUST-64,PROD-35,North,2797.04,9167.43,0.1
ORD-1294,2023-01-18,CUST-38,PROD-20,West,14640.73,11711.55,0.15
ORD-1295,2024-07-19,CUST-37,PROD-35,East,21989.89,15259.22,0.05
ORD-1296,2024-07-23,CUST-126,PROD-18,North,11128.11,2247.81,
ORD-1297,2023-11-19,CUST-139,PROD-17,SOUTH,4440.78,17826.15,0.15
ORD-1298,2023-10-15,CUST-100,PROD-24,West,14172.04,542.5,0
ORD-1299,2023-06-04,CUST-77,PROD-3,North,20387.93,7590.03,
ORD-1300,2024-05-04,CUST-3,PROD-32,North,18671.95,840.18,0.05
ORD-1301,2024-01-21,CUST-134,PROD-35,East,22095.54,8041.59,0.15
ORD-1302,2023-04-14,CUST-10,PROD-38,SOUTH,7308.6,10658.51,
ORD-1303,2024-01-28,CUST-5,PROD-13,north ,5251.87,10380.12,0.15
ORD-1304,2023-09-03,CUST-138,PROD-25,north ,22055.5,3562.88,0.15
ORD-1305,2023-06-25,CUST-130,PROD-9,North,16610.23,13021.09,0.05
ORD-1306,2023-02-08,CUST-13,PROD-4,South,8117.76,1182.14,0.1
ORD-1307,2024-04-21,CUST-130,PROD-14,SOUTH,18687.53,15309.56,
ORD-1308,2024-06-21,CUST-84,PROD-37,West,20470.4,18948.9,0.05
ORD-1309,2024-02-12,CUST-65,PROD-34,South,15566.97,6993.45,0.15
ORD-1310,2024-06-08,CUST-63,PROD-11,South,17353.16,10489.62,0.05
ORD-1311,2024-05-20,CUST-101,PROD-3,SOUTH,9693.87,7764.53,0.1
ORD-1312,2023-02-05,CUST-73,PROD-28,North,13698.04,432.19,
ORD-1313,2023-01-20,CUST-17,PROD-29,North,13341.9,,0.1
ORD-1314,2023-11-17,CUST-9,PROD-9,North,21277.17,15896.89,0
ORD-1315,2024-05-26,CUST-143,PROD-3,North,21079.12,12040.98,
ORD-1316,2024-02-04,CUST-38,PROD-25,north ,20900.67,2294.82,0.1
ORD-1317,2024-04-15,CUST-94,PROD-34,North,770.27,16988.65,0.15
ORD-1318,2023-05-23,CUST-95,PROD-12,north ,18863.86,10762.38,
ORD-1319,2023-04-02,CUST-49,PROD-9,north ,19087.57,16881.95,
ORD-1320,2023-12-20,CUST-69,PROD-15,North,17120.28,11730.36,0.05
ORD-1321,2023-02-20,CUST-62,PROD-40,East,19028.48,11325.86,0.15
ORD-1322,2024-07-28,CUST-78,PROD-25,West,21128.27,2373.61,0
ORD-1323,2023-07-09,CUST-117,PROD-5,South,12022.82,3596.99,0.1
ORD-1324,2023-05-05,CUST-120,PROD-11,north ,12800.23,19448.9,0.05
ORD-1325,2023-05-30,CUST-137,PROD-34,SOUTH,3555.49,4801.19,0.1
ORD-1326,2023-11-10,CUST-76,PROD-24,SOUTH,9941.71,19555.81,0
ORD-1327,2024-07-23,CUST-35,PROD-15,West,16262.45,10778.68,0
ORD-1328,2023-12-08,CUST-1,PROD-38,SOUTH,19619.79,2975.04,
ORD-1329,2023-11-01,CUST-40,PROD-8,East,5821.62,2256.25,0
ORD-1330,2023-02-23,CUST-64,PROD-5,SOUTH,3876.66,4414.62,0.1
ORD-1331,2024-03-19,CUST-150,PROD-26,South,16744.53,18535.06,0.15
ORD-1332,2023-09-21,CUST-60,PROD-18,South,546.06,8458.76,0.15
ORD-1333,2023-02-22,CUST-64,PROD-6,north ,4870.13,8090.06,
ORD-1334,2024-07-25,CUST-93,PROD-37,North,1212.25,6470.16,0.1
ORD-1335,2023-01-05,CUST-72,PROD-13,East,4588.69,3197.12,0.1
ORD-1336,2023-04-13,CUST-11,PROD-28,north ,4942.32,9910.67,0
ORD-1337,2023-07-15,CUST-105,PROD-5,East,9998.0,2861.94,0.1
ORD-1338,2023-12-16,CUST-14,PROD-13,North,10357.01,,0.05
ORD-1339,2023-02-16,CUST-60,PROD-17,SOUTH,21919.43,7596.82,0
ORD-1340,2023-09-26,CUST-30,PROD-40,SOUTH,12997.69,7683.63,0.05
ORD-1341,2024-01-05,CUST-35,PROD-32,North,18223.42,9637.93,
ORD-1342,2023-04-16,CUST-5,PROD-29,north ,3051.37,9049.32,0.15
ORD-1343,2023-04-30,CUST-83,PROD-3,North,6023.25,19898.7,
ORD-1344,2023-02-27,CUST-123,PROD-40,West,17722.11,11044.01,0.15
ORD-1345,2023-12-12,CUST-78,PROD-34,South,1793.7,2037.57,
ORD-1346,2024-04-18,CUST-62,PROD-40,north ,12421.64,12255.48,0.1
ORD-1347,2023-04-27,CUST-132,PROD-27,East,15184.54,3286.21,0.05
ORD-1348,2023-05-07,CUST-89,PROD-13,West,15252.57,909.47,0.15
ORD-1349,2024-01-28,CUST-42,PROD-33,north ,1061.85,19423.62,0
ORD-1350,2023-02-27,CUST-89,PROD-6,North,8391.65,15538.72,0.05
ORD-1351,2024-05-27,CUST-146,PROD-24,North,16094.02,,0
ORD-1352,2023-04-06,CUST-40,PROD-19,North,4150.49,9714.21,0.05
ORD-1353,2023-04-28,CUST-72,PROD-16,North,17537.68,10785.47,0.05
ORD-1354,2024-07-13,CUST-39,PROD-40,East,18775.17,3616.24,
ORD-1355,2024-05-02,CUST-104,PROD-28,West,24558.25,5164.08,0.15
ORD-1356,2023-08-25,CUST-14,PROD-33,SOUTH,5641.13,16819.42,0.15
ORD-1357,2023-09-29,CUST-32,PROD-13,South,20715.7,7316.86,0.05
ORD-1358,2023-07-08,CUST-125,PROD-25,East,13247.27,16588.25,0.1
ORD-1359,2024-03-22,CUST-97,PROD-36,East,9649.83,14267.57,0.1
ORD-1360,2024-08-03,CUST-23,PROD-27,SOUTH,3498.23,3790.27,0
ORD-1361,2023-09-04,CUST-63,PROD-38,SOUTH,18519.89,10296.69,0
ORD-1362,2023-03-17,CUST-143,PROD-7,South,6278.51,13644.53,
ORD-1363,2023-06-03,CUST-145,PROD-5,South,9599.84,4930.23,0.05
ORD-1364,2024-03-10,CUST-53,PROD-31,SOUTH,2032.28,16664.56,0
ORD-1365,2023-03-27,CUST-104,PROD-23,North,20133.49,11033.1,0
ORD-1366,2023-10-12,CUST-104,PROD-10,East,19281.42,3555.27,0.05
ORD-1367,2023-08-08,CUST-39,PROD-32,north ,18473.59,11784.79,
ORD-1368,2023-03-10,CUST-134,PROD-30,South,7836.37,,0
ORD-1369,2023-02-16,CUST-67,PROD-39,South,4750.26,3265.27,
ORD-1370,2023-04-04,CUST-135,PROD-31,SOUTH,16120.05,16390.11,0.15
ORD-1371,2024-03-28,CUST-42,PROD-18,West,12656.08,,
ORD-1372,2023-07-23,CUST-15,PROD-36,north ,4867.19,15713.05,0.1
ORD-1373,2023-08-06,CUST-111,PROD-2,north ,17304.83,14771.19,0.1
ORD-1374,2024-04-18,CUST-33,PROD-14,South,24782.6,6219.64,
ORD-1375,2024-03-07,CUST-38,PROD-13,North,18806.88,6718.72,0.1
ORD-1376,2023-12-07,CUST-97,PROD-29,West,18629.67,15912.67,0.15
ORD-1377,2024-07-04,CUST-33,PROD-12,north ,23782.66,9390.48,0.05
ORD-1378,2023-10-16,CUST-86,PROD-39,South,5471.94,14697.12,0.1
ORD-1379,2023-09-11,CUST-66,PROD-2,north ,14355.97,3215.29,0.1
ORD-1380,2023-12-23,CUST-10,PROD-32,West,24501.34,17095.39,
ORD-1381,2023-01-23,CUST-5,PROD-13,West,4549.71,14304.43,0.15
ORD-1382,2024-06-05,CUST-123,PROD-27,East,17656.17,18166.77,0.05
ORD-1383,2023-04-10,CUST-74,PROD-17,SOUTH,14852.35,2907.74,
ORD-1384,2023-06-29,CUST-97,PROD-40,SOUTH,14868.74,11982.39,
ORD-1385,2023-08-11,CUST-118,PROD-31,South,17592.93,12102.68,0.15
ORD-1386,2024-03-17,CUST-38,PROD-34,West,23275.61,7263.18,0.05
ORD-1387,2023-11-21,CUST-141,PROD-24,East,19673.26,9331.79,0.15
ORD-1388,2024-05-30,CUST-47,PROD-35,East,1875.33,1048.24,0.05
ORD-1389,2023-01-16,CUST-109,PROD-6,north ,21391.84,14993.44,0.15
ORD-1390,2023-12-02,CUST-15,PROD-19,north ,6025.76,11121.65,
ORD-1391,2023-09-15,CUST-136,PROD-30,East,9734.4,1437.5,
ORD-1392,2024-05-11,CUST-5,PROD-7,north ,11812.45,13710.89,0
ORD-1393,2023-06-09,CUST-47,PROD-10,West,12282.2,9495.61,0.1
ORD-1394,2024-04-19,CUST-68,PROD-32,North,11161.92,978.89,0.15
ORD-1395,2024-01-15,CUST-76,PROD-34,West,23465.16,19401.27,0
ORD-1396,2024-06-28,CUST-130,PROD-28,East,17797.47,18997.51,0.1
ORD-1397,2024-03-02,CUST-95,PROD-15,East,15963.68,10404.18,0.15
ORD-1398,2023-09-25,CUST-115,PROD-30,West,1721.13,2145.35,0.05
ORD-1399,2024-07-30,CUST-36,PROD-37,north ,22645.88,15166.04,0.1
ORD-1400,2024-02-21,CUST-26,PROD-29,north ,22780.06,9991.04,
ORD-1401,2023-06-17,CUST-43,PROD-22,SOUTH,19615.22,,0
ORD-1402,2023-02-12,CUST-27,PROD-4,East,672.22,9980.94,0.1
ORD-1403,2024-07-09,CUST-69,PROD-20,South,1903.37,10592.15,0.1
ORD-1404,2023-10-12,CUST-148,PROD-32,SOUTH,6017.98,11385.42,
ORD-1405,2024-02-01,CUST-11,PROD-36,north ,3718.06,8992.11,0.15
ORD-1406,2023-01-12,CUST-74,PROD-4,West,10271.48,12233.38,0.05
ORD-1407,2023-10-29,CUST-104,PROD-27,north ,23104.26,18399.07,
ORD-1408,2023-09-10,CUST-38,PROD-17,West,12065.48,7436.68,0.05
ORD-1409,2024-05-13,CUST-134,PROD-12,SOUTH,828.36,14596.61,0.15
ORD-1410,2023-02-04,CUST-23,PROD-22,East,7427.27,17920.72,0.1
ORD-1411,2023-03-31,CUST-47,PROD-17,north ,1592.58,9282.79,0.05
ORD-1412,2024-02-22,CUST-90,PROD-10,West,1389.05,9036.08,0
ORD-1413,2023-04-25,CUST-46,PROD-1,East,7255.14,12161.7,0
ORD-1414,2023-07-15,CUST-107,PROD-22,South,7252.5,11950.71,
ORD-1415,2024-05-15,CUST-140,PROD-26,West,19784.6,16189.81,0.15
ORD-1416,2024-05-07,CUST-141,PROD-18,SOUTH,24383.45,9686.72,
ORD-1417,2023-03-16,CUST-104,PROD-14,South,9594.57,19923.62,
ORD-1418,2024-02-17,CUST-111,PROD-29,South,11007.73,,
ORD-1419,2024-01-11,CUST-104,PROD-12,North,21197.34,362.41,0
ORD-1420,2024-02-24,CUST-60,PROD-36,north ,7069.41,12911.91,0
ORD-1421,2023-10-04,CUST-100,PROD-35,West,4331.35,6179.17,
ORD-1422,2024-01-29,CUST-68,PROD-12,South,21400.7,5035.53,0
ORD-1423,2024-04-01,CUST-133,PROD-7,North,1639.26,6444.41,0.15
ORD-1424,2023-07-11,CUST-120,PROD-29,SOUTH,15682.64,5344.14,
ORD-1425,2023-04-09,CUST-37,PROD-11,East,14268.82,906.56,0
ORD-1426,2024-07-01,CUST-72,PROD-33,West,8975.05,19439.2,0.05
ORD-1427,2023-04-06,CUST-127,PROD-6,South,8222.14,4648.69,
ORD-1428,2023-07-09,CUST-106,PROD-15,north ,19410.51,14760.39,
ORD-1429,2023-02-06,CUST-92,PROD-32,North,2617.4,15323.15,0.15
ORD-1430,2024-01-04,CUST-31,PROD-11,South,6301.22,18606.37,0.1
ORD-1431,2024-06-08,CUST-122,PROD-23,north ,18444.99,901.82,0.1
ORD-1432,2023-10-06,CUST-137,PROD-26,South,13933.85,17479.35,0.15
ORD-1433,2023-08-05,CUST-51,PROD-34,West,3635.71,10686.36,0.15
ORD-1434,2023-09-30,CUST-29,PROD-34,West,22112.32,12761.12,0.15
ORD-1435,2023-03-03,CUST-40,PROD-29,West,10139.47,12996.06,0.1
ORD-1436,2024-08-18,CUST-41,PROD-4,SOUTH,20782.78,16450.02,0.15
ORD-1437,2023-12-08,CUST-11,PROD-17,SOUTH,19798.97,6868.12,0
ORD-1438,2024-02-01,CUST-1,PROD-35,North,15798.42,14741.11,
ORD-1439,2023-01-19,CUST-46,PROD-13,West,12614.79,10712.99,
ORD-1440,2023-06-26,CUST-101,PROD-39,north ,24499.0,15929.86,0.05
ORD-1441,2024-01-31,CUST-149,PROD-15,South,4051.64,19813.76,0.05
ORD-1442,2024-03-20,CUST-90,PROD-29,East,18266.32,4252.83,
ORD-1443,2023-08-21,CUST-110,PROD-29,north ,5184.17,19894.58,0
ORD-1444,2023-03-17,CUST-57,PROD-11,SOUTH,8787.45,2069.3,0.1
ORD-1445,2023-09-22,CUST-1,PROD-32,SOUTH,8063.12,345.66,0.1
ORD-1446,2024-03-30,CUST-63,PROD-2,north ,23702.38,1169.99,0
ORD-1447,2024-01-19,CUST-55,PROD-14,SOUTH,24200.23,7033.11,0.1
ORD-1448,2024-07-17,CUST-115,PROD-20,West,4983.88,12768.25,0.15
ORD-1449,2024-05-20,CUST-143,PROD-22,North,1039.86,1659.88,
ORD-1450,2024-01-02,CUST-149,PROD-11,South,18140.2,411.62,
ORD-1451,2023-05-24,CUST-53,PROD-27,North,10740.75,,0
ORD-1452,2023-03-10,CUST-137,PROD-3,South,2676.59,16491.95,0.1
ORD-1453,2023-04-09,CUST-57,PROD-17,South,17251.98,16240.91,0.05
ORD-1454,2024-01-31,CUST-117,PROD-28,North,13855.09,17723.16,0.05
ORD-1455,2023-01-25,CUST-35,PROD-29,north ,24522.66,14090.68,0.1
ORD-1456,2024-04-13,CUST-63,PROD-21,South,6071.53,2356.76,0.05
ORD-1457,2024-04-28,CUST-25,PROD-16,North,10397.46,8162.27,0
ORD-1458,2024-07-18,CUST-90,PROD-37,South,13792.37,14546.04,0
ORD-1459,2023-05-31,CUST-75,PROD-20,East,19896.65,5822.59,0.1
ORD-1460,2023-05-24,CUST-38,PROD-6,north ,13946.55,13841.91,0.05
ORD-1461,2024-07-22,CUST-130,PROD-19,West,15516.05,782.62,0
ORD-1462,2023-02-08,CUST-135,PROD-5,South,6040.6,6330.91,0
ORD-1463,2023-04-19,CUST-91,PROD-3,East,21249.51,11117.87,0.15
ORD-1464,2023-02-11,CUST-17,PROD-1,West,11001.45,12752.17,0.15
ORD-1465,2023-07-05,CUST-128,PROD-38,West,3953.51,11667.7,0
ORD-1466,2024-02-02,CUST-108,PROD-15,South,16772.6,14045.8,0.1
ORD-1467,2023-08-11,CUST-25,PROD-34,North,5794.22,419.95,
ORD-1468,2023-05-13,CUST-88,PROD-35,South,2890.28,2288.54,
ORD-1469,2023-06-12,CUST-29,PROD-25,East,21618.68,17418.2,0
ORD-1470,2023-08-03,CUST-63,PROD-24,West,11773.98,13730.45,0
ORD-1471,2023-08-23,CUST-150,PROD-12,South,18857.45,2524.75,0
ORD-1472,2024-08-10,CUST-114,PROD-18,North,7619.4,16888.87,0.1
ORD-1473,2023-01-09,CUST-49,PROD-15,South,19780.77,,0.15
ORD-1474,2023-03-15,CUST-81,PROD-16,north ,3242.43,9721.72,0
ORD-1475,2024-05-06,CUST-84,PROD-27,North,9221.35,3160.37,0
ORD-1476,2023-09-10,CUST-105,PROD-8,East,24462.51,14289.17,0.05
ORD-1477,2023-08-18,CUST-148,PROD-25,West,19952.75,13437.03,0.1
ORD-1478,2024-06-02,CUST-118,PROD-17,South,12682.77,4458.92,0
ORD-1479,2023-06-23,CUST-86,PROD-29,North,8824.55,17309.0,0.05
ORD-1480,2023-06-17,CUST-63,PROD-8,north ,21867.32,8205.73,
ORD-1481,2023-06-19,CUST-104,PROD-15,North,13848.77,6062.55,0
ORD-1482,2024-01-28,CUST-49,PROD-27,SOUTH,19081.41,3300.89,0
ORD-1483,2023-07-13,CUST-71,PROD-7,north ,18975.64,5543.51,0.05
ORD-1484,2024-05-31,CUST-1,PROD-3,East,939.67,733.93,0.1
ORD-1485,2023-01-29,CUST-141,PROD-29,West,3593.22,11790.17,0
ORD-1486,2023-06-14,CUST-123,PROD-24,East,16660.92,16891.95,
ORD-1487,2024-02-26,CUST-62,PROD-3,South,4459.69,,0
ORD-1488,2023-12-05,CUST-32,PROD-20,North,6759.59,4619.7,
ORD-1489,2024-05-10,CUST-29,PROD-15,SOUTH,23692.63,963.28,0.15
ORD-1490,2023-12-31,CUST-49,PROD-25,north ,14224.47,4528.17,0.15
ORD-1491,2023-12-08,CUST-30,PROD-30,north ,18892.87,8497.59,
ORD-1492,2024-05-14,CUST-144,PROD-14,North,14170.53,15264.35,0.1
ORD-1493,2024-05-25,CUST-19,PROD-7,SOUTH,14036.58,4000.5,0
ORD-1494,2023-11-23,CUST-18,PROD-17,North,2806.72,14479.89,0
ORD-1495,2023-08-05,CUST-1,PROD-20,South,8919.75,17378.59,0.15
ORD-1496,2023-10-28,CUST-78,PROD-36,East,7419.56,9242.75,
ORD-1497,2023-05-12,CUST-115,PROD-9,north ,10072.84,16482.21,0
ORD-1498,2023-03-11,CUST-113,PROD-38,South,20059.43,11226.75,0
ORD-1499,2023-09-09,CUST-114,PROD-22,East,9612.35,12850.69,0.1
